internal category,categories
3D Printer Filaments,Other Supplies/3D Printer Filaments
Accessories,Other Supplies/Accessories
All,Other Supplies
Artisan Frosting Sheets,Other Supplies/Edible Ink and Printers/Other Edible Supplies
Brother Edible Ink Cartridges,Other Supplies/Edible Ink and Printers/Edible Ink
Brother Edible Ink Refills,Other Supplies/Edible Ink and Printers/Edible Ink
CakePro Edible Ink Cartridges,Other Supplies/Edible Ink and Printers/Edible Ink
CakePro Edible Ink Printers (Direct to Food),Other Supplies/Edible Ink and Printers/Edible Printers
Candy Molds,Other Supplies/Edible Ink and Printers/Other Edible Supplies
Canon Edible Ink Cartridges,Other Supplies/Edible Ink and Printers/Edible Ink
Canon Edible Ink Printers,Other Supplies/Edible Ink and Printers/Edible Printers
Canon Edible Ink Refills,Other Supplies/Edible Ink and Printers/Edible Ink
Cartridge Components,Other Supplies/Accessories
CD Repair,Other Supplies/Accessories/CD Repair Kits
Cheese Sheets,Other Supplies/Edible Ink and Printers/Other Edible Supplies
Chips,Other Supplies/Accessories
Chocolate Coating Products,Other Supplies/Edible Ink and Printers/Chocolate Transfer
Chocolate Molds,Other Supplies/Edible Ink and Printers/Chocolate Transfer
Chocolate Transfer Sheets - pre-printed,Other Supplies/Edible Ink and Printers/Chocolate Transfer
Chocolate Transfer Sheets - unprinted,Other Supplies/Edible Ink and Printers/Chocolate Transfer
CIS,Other Supplies/Accessories
Cleaner,Other Supplies/Accessories
Colored Frosting Sheets,Other Supplies/Edible Ink and Printers/Other Edible Supplies
Colored Wafer Paper,Other Supplies/Edible Ink and Printers/Other Edible Supplies
Custom Printed Cake Toppers,Other Supplies/Edible Ink and Printers/Other Edible Supplies
Custom Printed Cookies,Other Supplies/Edible Ink and Printers/Other Edible Supplies
Custom Printed Marshmallows,Other Supplies/Edible Ink and Printers/Other Edible Supplies
Developer,Other Supplies/Accessories
Drum Kits,Other Supplies/Accessories
DVD Cases,Other Supplies/Accessories/CD \/ DVD Cases
Edible Airbrush Equipment,Other Supplies/Edible Ink and Printers/Edible Airbrush
Edible Airbrush Ink,Other Supplies/Edible Ink and Printers/Edible Airbrush
Edible Ink Markers,Other Supplies/Edible Ink and Printers/Edible Ink Markers
Edible Paper Cutters,Other Supplies/Edible Ink and Printers/Other Edible Supplies
Electronic,Other Supplies/Accessories
Epson Edible Ink Cartridges,Other Supplies/Edible Ink and Printers/Edible Ink
Epson Edible Ink Printers,Other Supplies/Edible Ink and Printers/Edible Printers
Epson Edible Ink Refills,Other Supplies/Edible Ink and Printers/Edible Ink
Gift Wrapping,Other Supplies/Accessories
Icing Colors,Other Supplies/Edible Ink and Printers/Other Edible Supplies
Imaging Units,Other Supplies/Accessories
INKfinite,Other Supplies/Printers
InkFlatables,Other Supplies/Inkjet Balloons
Label Tapes,Other Supplies/Label Tapes
Labels,Other Supplies/Accessories/CD \/ DVD \/ Bottle Labels
Magnetic Molds,Other Supplies/Edible Ink and Printers/Other Edible Supplies
Other,Other Supplies
Photo Paper,Other Supplies/Accessories/Photo Paper
Premium Frosting Sheets,Other Supplies/Edible Ink and Printers/Other Edible Supplies
Premium Wafer Paper,Other Supplies/Edible Ink and Printers/Other Edible Supplies
Refill Accessories,Other Supplies/Accessories
Refill Bottles,Other Supplies/Accessories
Refill Kits,Other Supplies/Accessories
Refill Kits with Chip,Other Supplies/Accessories
Refill Kits with Tool,Other Supplies/Accessories
Refill Machines,Other Supplies/Accessories
Ribbon Cartridges,Other Supplies/Ribbon Cartridges
Silicone Molds,Other Supplies/Edible Ink and Printers/Other Edible Supplies
Solid Ink,Other Supplies/Solid Ink
Stencils,Other Supplies/Edible Ink and Printers/Other Edible Supplies
Thermal Control,Other Supplies/Edible Ink and Printers/Other Edible Supplies
USB Drives,Other Supplies/Accessories
USB Pens,Other Supplies/Accessories
